"caudate","thalamus","putamen","pallidum","bilateral_hippocampus","amygdala","accumbens.area","VentralDC","Left.Lateral.Ventricle","Right.Lateral.Ventricle","ICV"
6830.6,14647,8121.4,3786.1,7490.1,2226.9,953.2,8474.6,10117.4,7312.7,1412463.742
8772,14541.4,11186.4,4596,10040.7,3740.4,1053.6,9238.9,17970.2,18015.5,1970854.468
6064.5,11987.6,7667.8,2885.2,6602.2,2480.4,851.1,6928.4,11009.3,10770.8,1255116.566
5923.2,12211.1,9161.4,3160.1,7512.3,2950.7,1114.7,7129.9,5467.1,5740.5,1276234.254
6051.3,12075,8592.9,3230,7994.6,2965.9,948.2,6869.7,10331.6,9974.5,1459628.808
6931.5,14524.1,8804.6,3700.5,7919.4,2822.9,900.9,7775.5,12416.9,9345,1136656.546
6754.7,12408.5,9567.3,3321.4,7651.5,2691.1,973.3,7774.3,4132.9,3705.2,1048766.98
6054.8,12213,7863.8,3412.4,8088,2662,791.9,7928.1,11658.8,11618.8,1490188.655
5905.6,11018.3,7799.5,3414.9,6574.3,2558.6,737.5,6574,7593.4,8533.7,1365369.753
6091.7,11156.8,7696,3094.1,6478.3,1960.9,790.3,6186.3,21928.9,18564.6,1493558.664
6800,12927.8,7666.9,3238.3,6088.2,2314.4,789.9,7051.7,28663.4,27216.2,1678574.111
7099.5,13326.4,8835.3,3565.1,8828.2,3312,750.2,8504.9,28809.3,33281.4,1881319.296
8224.8,14686.7,12098.8,4104,7790.8,3066.1,1148.1,8715.1,23489.6,24137.6,1821509.414
6896.8,15076.9,9198.7,3782.8,8634.9,3174,986.7,8685,9809.4,7735.8,1465115.436
6566.4,13356.2,6720.7,2913.9,6825.4,2295.6,829.4,6438.8,49579.4,32615,1872241.737
6586,10400.2,7449.4,2910.3,6722.1,2409.7,606.8,6236.2,12446.5,11012.4,1196666.651
8099.4,15627.5,9950.7,4322.6,9109.4,3493.6,1281.9,10692.1,12415.3,10484.8,1871016.903
7676.8,11150.7,7402.2,2769.9,7124.2,2540.8,806.6,7230.9,17755.7,16124.9,1539613.023
6782.2,11190.9,8245.2,3702.3,6247.4,2822.5,734.7,7255.7,34117.4,28805,1590633.287
6260.2,13742.5,9235.6,4332.4,7312.3,2900,942.3,8893.1,15183.5,10727.4,1684760.888
6464,12714.7,7490.1,2925.7,6935.9,2251.8,990,6877.1,5926.9,4608.9,1348255.172
7076.8,12633.1,8819.9,3807.3,6707.5,2302.3,908.6,7651.9,26170.6,24515.2,1596841.55
7487.2,12713.3,8694.8,4325.3,6797.5,2597.9,1146.6,8417.1,28027.9,20195.2,1662443.483
5627.9,12607.7,8928.4,3633.6,6529.7,2771.8,878.9,7157,8205.9,10907.5,1086373.307
6444.9,12450.1,8211.5,3169.5,7332.1,2706.7,857,8265.7,27768.8,21091.8,1701701.533
6421.4,12525.6,9726.9,3349.9,7133.2,2795,923.4,6969.8,11907.2,9735.3,1351236.062
7217.8,12672.6,8161.6,3222,7201.7,2776.9,909.6,7020.5,13145.1,9779.5,1090814.776
6580.9,12620.3,6359.1,3005.7,6443.7,2288,687.3,6325.9,12329.7,12235,1393012.015
6143.9,12832.9,8044.3,3540.4,8151.8,2580,864.3,7732.7,17548,17519.5,1592476.43
8828.5,15055.3,9501.7,4897.1,9583.9,3896.7,1043.3,10103.6,11342.3,8953.1,1772486.415
7091.9,13326,7975.3,3907.2,7019.1,2776.7,880.7,7917.7,10070.6,6742.3,1342712.296
6833,14767.1,9878.4,3483.6,8394.3,3336,1084.9,7772.5,4985.7,2756.8,1391404.551
8077.2,13831.7,9446.5,3872.6,8208.6,3371.5,1215.3,8006.8,28745.9,18525.3,1810642.48
6542,11656.4,7639.2,2476.4,4886,1892,374.9,4775.6,31666.8,27141.4,1387362.441
5892.4,13146.6,9408.9,3437,6693,2488.5,1148.6,6380.2,5453,6794.2,1315284.127
7077.6,15000.4,10312.6,3816.2,8620.6,3562.5,1200,8127.1,3109.5,2883.9,1449701.602
5565.7,12386.7,7421.5,3274.1,7562.9,2669.5,806.2,7170.5,9076.3,10275.1,1411041.21
6534.8,13303.8,8436.9,3500.9,7567,2657,968,8128.3,15170.3,14314.5,1669656.944
7799.3,12598.4,8437.4,3247.1,6986.5,2880.4,617,7785.2,19823,18034,1618761.824
6878.6,13376.4,8544,3623.1,7087.4,2778.8,1073,7260.5,12595.6,10358.2,1430136.583
6963.5,12049.3,8743.1,3459,8113.6,3123,864.9,6448.2,4313,3448.2,1046630.464
7761.6,14552.9,8598,4008.6,8398.9,3306.8,981.4,8508.3,11446,18080.2,1648371.356
8200.8,11677.2,9362,3825.3,6830.2,2377.4,865.4,6944.5,12474.6,11091.9,1397089.789
7247.4,14022.2,8558.8,3597,8902.8,3541.1,1105.1,8034.2,10141.5,6576.9,1646235.427
5670,13782.5,7704.1,4307.8,7800.9,3745.6,856.1,7599.5,7488.6,6962.7,1519606.136
6330.4,13743,7072.4,2859.2,7521.3,2970,534.1,8303.1,32034.4,26659.9,1694774.207
6585.5,13514.4,9683.7,3996.5,8504.6,3166.1,874.7,8152.7,9877.5,7167.2,1455363.172
6875.4,16322.7,10678,3879.7,8415.1,3372.8,1136.1,8933.3,11098.2,13540.8,1757341.812
6902.1,12383.9,8169.7,3469.3,8626.3,3001.4,859.2,7772,29154.3,23786.1,1988886.964
5818.1,14612.7,9183.9,3972.2,8019.5,2987.4,767.8,8846.4,5582.8,6103.7,1677435.384
7670.7,12548.3,9450.3,3797.5,7869,3011.5,807.1,8223.6,24006.2,17223.9,1580610.385
6119.5,12707.6,9020.2,3482.6,8112.7,3069,903.3,8568.7,11197,14656.2,1715323.351
8503.7,12720.8,8172.6,2778.2,6838,2949.9,811.1,7195.2,18445.8,19518,1587256.642
7684.6,12188.7,8382.6,3425.1,8081.2,2582.2,876.1,7269.6,18049.1,19232.8,1570330.841
7283.4,13494.1,8623,3482.5,7431.3,3217.7,1136.7,8035.3,19133.4,16137.6,1681480.731
6923.4,14584,9325.2,3491.8,9363.2,3754.2,1167,9109.2,4282.9,5181.7,1543425.095
7874.4,16087.3,11977.3,4377,8403.7,3901.6,1191.4,8585.1,4060.1,3629.3,1537927.058
6530.5,11413.2,8401.8,3518,7480.5,2575.6,858.3,6962.9,10345.1,11471.6,1365137.988
6769.4,12874.4,8988.7,4019.2,8797.3,3617,937.8,8432.5,12238.2,12683.3,1618202.724
8325.8,16656.7,10378.5,4364.2,9581.2,3815.7,1108.2,9477.9,10608.7,11430.6,1909860.335
6993.2,15159.1,9425.4,3848.9,7592.3,3163.9,1143,8313,9217.2,7946.4,1731249.674
6097.9,12274.4,8031.9,3006.1,7406.7,2737.9,925,7607.4,22259.3,25207.7,1641113.122
5696.5,12565.1,7259.9,2850,7070.2,2627.3,827.8,7445.2,9072.3,8482.1,1345252.852
7015.2,15311.3,10277.2,3764.9,8749.4,2991.3,1197.2,8860,5859.1,4444,1489504.639
7614.9,13582.9,10132.9,4814.8,8538.1,2948.1,1081.5,8010.8,17569,14707.4,1696845.965
7086.4,13110.4,8592.8,3298,7618.7,2582.7,756.7,7569.5,9984.6,8902,1504671.266
8468.6,16125.7,11067.1,3745,8904.5,3555.5,1309.9,9151.5,14392.1,9399.8,1703117.654
6511.6,13322.2,9097.8,3222.2,8792.8,2612.1,1091.2,7573.1,11473.2,7118.9,1268368.451
5754.9,10750.3,6931.2,3105.5,6684.2,2831,733.7,6123.8,15134.1,11538.7,1415899.29
7706.5,14003.4,9571,3561,8650.8,3074.8,1107.7,9348.8,7668.7,10039,1603272.098
6110.8,14353.2,8516.6,3858.3,7908.9,3154.5,1051.1,8685.4,6375,5120.9,1448263.949
6244.8,10591.6,7471.3,2131.9,6967.1,2261,618.6,6684,13088.9,12439.9,1363627.286
7100.4,14573.3,9013.8,3802,7808.7,2910.1,980.9,7682.4,8182.2,9031.9,1545008.762
6480.9,13682.3,8306,3577,6762.8,2498.8,943.3,7577.3,22188.8,19577,1676708.572
6988.3,12964.3,8712.2,3279.2,7700.1,2984.2,938.6,7178.3,4527.6,4464,1406367.867
5903.7,13236.1,9121.5,3483.6,7965.5,2913.9,920.1,7639.1,4663.3,4358.1,1110393.646
6462.8,12489.6,8562,3451.5,7862.8,2865.8,914.9,7908.6,9323.3,9671.4,1625696.146
6433,13883.1,9995.1,3546,8008.8,3403.6,1039.4,7907.6,11202.6,9619.4,1574792.369
6977,11917.3,8895.4,3523.7,7647.2,3315,830.2,7913,14875.9,15043.9,1563788.32
6191.9,12792.9,8394.5,3709.1,7782.4,2770.9,1022.5,8161.2,5878.8,4418,1274207.925
7953.3,16594.9,11260.2,4993.3,8927.4,3372.4,1338.4,10716.3,7201.1,5105.6,1799948.847
7028.8,13736.6,9770.3,3736.4,7128.8,2773.1,986.2,8206.5,13219.6,12896.9,1581129.12
6055.9,14792,8040,3287.7,8344.9,2740.1,769.6,7840.3,9428.5,8587.9,1464013.161
6397.3,13250.4,9381.7,3613.2,7837.5,2876.2,1059.3,8216.5,6232.8,7117.1,1476829.045
6520.9,12855.6,9521.4,3415.3,7151.6,2818.7,1066.6,7149.8,8499.1,6728.4,1124543.806
6481.8,11967,8365.7,3711.3,7251.7,2724.8,1001.1,7814.1,5247.4,4491.6,1265600.849
6097.9,11746.9,7913.9,2849.1,6098.4,1825,374,5305.5,16827.5,12661.9,1245649.695
6514.2,12537.1,9172.8,3277.6,8400.4,3213.8,1030,8065,4363.2,4183.8,1215663.273
6653.9,11546.2,7870.4,3293.2,7496.6,2933.8,754.7,6620.5,8994.4,9076.4,1309252.422
7412.7,13689.2,9751.6,3606.2,8363.8,3356.5,908.8,8028.7,15005.4,14196.8,1804699.379
6360.7,13296.5,8185.9,2887.5,7630.1,2378.2,993.9,8345.5,34882,31428.7,1825887.495
6725.4,13833.9,8831.3,3873.6,6533.7,2561.6,721.5,7294.4,12954.7,10618.1,1522885.555
6219.8,10882,8126.7,2657,7491.2,2662.3,818.4,7050.8,9729.1,9402.3,1409886.051
6791.7,10846.9,8615.7,3881.1,7177.5,2710.1,898.2,6788.7,8212.2,8249,1192049.18
4800.8,12090.7,7330.4,2753.8,6748,2412.1,712.4,6601.5,9143.3,5931.5,1298079.881
5549.5,12144.6,7575.2,2610.5,7446,2885.4,799.8,7020.6,1905.9,1808.2,1246984.774
5314.1,10189.5,6219.8,2328.8,6944.2,2007.9,664.5,5553.5,22842.2,24485.6,1418943.173
7689.2,14733.7,11339.6,3813.9,8711.7,3924.1,1230.6,8489,9898.3,9971.3,1629475.522
6139.4,14298.6,9625.7,3315.4,7439.6,2967.8,1098.2,7645.4,6044.7,6276.8,1261054.851
6818.7,14892.3,9844,3794,8570.3,3211.6,1035.1,7828.4,4545.9,4725.5,1444935.437
7274.3,13156.3,8951,3535.8,7728.4,2881.3,646.8,7111.3,22482.7,14288.5,1589891.872
7716.2,12161.4,8684.8,3338.9,7355.2,2797.1,1000.8,7066.9,6163.8,4805.7,1421547.318
5094.8,10356.1,7364.3,2826.2,6153.2,2732.8,947,5895.9,10039.2,12420,1288104.434
5268.6,11369.7,7280.7,3200.7,7150.5,2556.7,821.9,5928.5,6117.6,6118.2,1138797.559
6460.5,14872.5,8742.4,3778.7,8696.9,3693.8,1153.1,8357.4,6704,6490.2,1541319.843
7054.9,14099.6,8753.6,3690.2,7481.2,2520.3,1306.6,8359.4,6542.6,6033.8,1334908.264
5589.4,12930.2,9416.3,3664.3,8614.3,3325.5,861.6,7796.7,5215.2,4799.7,1349140.516
7036,14899.9,10632.7,3916.9,8975.3,3673.1,1183.9,8708.2,4950.1,8276,1594500.099
8116.3,11865.4,10321.1,3848.6,7403,2847.9,926.5,7650.4,24190.1,19856.6,1657612.317
8308.4,11456.6,8456.2,3462.9,6979.3,2281.8,703.7,7269.8,22025.3,22444.3,1476651.161
6486.4,14532.5,9354.9,3997.6,7942.3,3178.2,950.5,7836.2,4207.5,5714.3,1422104.365
7673.8,16877.1,11517.8,4312.6,10001.5,3624.6,1286.7,10048.9,11672.2,9353.8,1873358.216
6405.3,12709.5,8445.5,3008.5,7001.1,2882.9,915.5,6642.5,6088.7,5842.9,1226286.517
7516.9,12576.3,8097.6,3532,7454.6,2399.5,980.9,8001.9,21405.1,19087.7,1682086.844
7270.4,15449.5,10685.2,3993.2,7522,2884.3,990.1,8495.4,9023.6,8223,1665069.131
5771.3,12852.5,9050.3,3979.6,8706.7,2556.6,835.5,8293.1,9954.7,8903,1534061.848
6229,13715,8767.4,3422,8378,3391.9,978.8,8027.4,7360.4,7030.4,1475413.303
7960.1,10636.3,7190.2,3121.1,6401.8,1976.1,676.7,6288.1,25451.2,28413.1,1674053.491
7284.9,13807.3,8565.8,3665.1,8748.3,3151.8,1076.5,9091.4,12072.5,10502.6,1633998.09
7603.2,14461.9,8909.6,3681.5,7555.2,2895.1,1208.7,8117.2,4106.3,3842.6,1515613.043
8570.4,14019.5,9483.4,3884.7,7432.1,3185.1,962.5,7987.1,14088.5,13712.7,1677562.464
8990.1,12621.4,9017.1,3382.9,7152.4,3129.7,921.4,7962.3,10565.1,7074.8,1275948.867
7277.7,11482.1,8027.5,3101.4,6897.5,2660.3,1073.4,7137.9,9989.5,7479.7,1329178.512
6755,12301.5,8806,3823.7,8725,3455.9,886.3,7828.6,7259.3,6164.2,1481579.109
6869.1,14822.6,7409.1,3454,7704,2642.2,910.9,7493.8,20167.9,16304.5,1704281.22
7404.1,13248.6,8543.9,3698.4,7876.5,3045.8,937.9,7712.1,9963.4,11102.6,1288766.758
6803.4,12635.8,9294.7,3618.9,7571.3,3083.9,1062.3,8190.4,8544.5,8407.4,1379062.854
6924.9,14443.2,9458.7,3779,9176.3,3091.1,994.5,8051.8,7797,7786.4,1322059.667
5884.2,11513.5,8379.9,3704.2,6846.3,2565.1,672.1,7225.4,13779.6,13464.1,1483431.035
5498.5,12949.6,8997.1,4012.3,7376,2691.9,918.5,8116.4,3496.3,2731.3,1205944.6
6354.4,12884.8,10086,3654.3,7578.8,3309.2,1157.8,7986.7,3182.9,3021.4,1397586.354
7659.7,14379.8,10265.3,3980.9,9122.3,3379.8,945.6,8066.6,7079.3,7312.2,1659584.386
6205.5,14746.9,10407.8,3887.1,7761.1,3223.7,1106.6,8269.2,7592.3,4776.1,1555251.861
6817.8,14174.3,9400.1,3666,7108.6,3102.3,962,7754.9,8727.8,7927.6,1628728.793
7369.8,13136.8,8961.7,3414.7,7446,2796.7,913.8,7622.8,15911.3,16070.7,1640720.976
8114.6,15300.1,9714.7,3871.7,9290.7,4061.6,1023.5,10020.3,38944.1,30179.8,2037781.567
7464.3,14857.8,9624.8,4421.2,8367,3212.8,1041.3,8143.7,6386.7,6184.1,1410181.934
5998.3,12041.8,8545.5,3395.8,8295.3,2830.8,918.5,7578.2,5427.6,5843.6,1369489.144
8472.3,13050.7,9180.2,3499.4,6372.6,2488.2,799.2,7256,53192.4,60394.5,1928691.727
6247.1,13700.9,9266.4,3268.7,7763.3,3167.6,1104.8,7195.6,8383.9,9821.7,1415458.527
5587.9,13000.3,8905.1,3484.2,7853.5,3125,1033.3,8027.5,21415.5,15052.6,1619414.062
6956.1,11218.1,8417.7,3309.1,5035.9,1876.1,658.2,6416.7,12666.4,10160,1347187.938
7607.3,14061.2,9360.7,3662.5,8392.8,2710.4,909.4,8300.1,16920.2,16280.8,1642644.779
9922.7,16914.5,10085.9,4268.5,8733.2,4029.3,1325.4,9985.5,17745,15043.2,1823244.129
6744.3,14428.9,9925.6,3666.3,7688.5,2808.7,1018.7,8443.6,6757.4,6836.3,1414989.123
6869.4,10608.5,6851,2723.1,5624,2107.9,524.8,6564.2,32459.7,26737.6,1564729.985
6373,15707.5,9778.6,3626.9,8625.7,3650.1,1384.6,9105.3,6264.1,5563.2,1459460.387
7709.5,13821,7966.1,3888.6,6836.9,3123.9,947.5,8611.2,63412.9,42106.1,2101609.181
7305.5,13972.4,8835.5,3608.5,7870,3060.1,1037.8,7865.5,3478,4340.1,1367412.959
7490.2,13691.5,8616.5,3296.6,7700,2909.9,1085.4,8784.1,9156,7938.3,1480496.459
5640.3,12417.1,7395.2,2969.7,7024.8,2836.8,747.2,7160.3,6176.4,7048.1,1224294.401
7299.4,15696.9,11001.7,4185.4,9116.4,3679.7,1202.7,9745.4,5397.9,5836.5,1707282.624
8345.3,12478.4,9309.6,4501.3,6996.7,2657.4,1010.9,6975.2,46499.5,32498,1708114.743
6792,13827.2,6092.4,2896,7530.2,2538.6,768.6,7451.1,18144.6,16373.8,1704228.789
6922.6,13476.6,8842.4,3393,8179.5,2713,1033.4,8063.8,8863.4,8236.7,1467882.225
6645.4,14688.5,10025.3,3996.9,8408,3085.4,1144,8779.9,6365.7,6090.9,1642830.554
7985.2,14334.6,10115.4,3747.1,8051.1,3363.5,952.5,8009.3,9369.3,8415.4,1675737.318
8845.6,14188,10897.1,4297.5,8454.7,3594.7,1334.5,8887.3,4415.2,4064.2,1604024.001
6454.6,11925.3,7449.1,3458.5,7765.8,2371.3,824.5,7075.1,8251.8,8363.2,1276033.653
7223.2,12929.6,9173.9,3870.7,8431,3280.2,1174.3,7969.2,5572.8,5576.6,1479028.3
11561,13039.9,11530.7,3400.1,7264.3,2329.5,837.7,6967.4,19408.9,12773.8,1691358.346
6417.2,12026.1,9684.5,3860.4,7937.8,2809.9,1260,6843.3,3625.1,2951.5,1114401.481
6251.6,11677.8,8089.1,2825.5,6724,2189.4,872.5,6456.5,9309.8,10870.3,1267747.378
7151.6,15616.1,10346.8,3998.8,7974.6,3365.3,1155.2,8962.9,9544.2,11387.5,1581761.329
7751,13973.8,10575.3,4275.7,9440.9,3691.3,1074.6,8940.3,9771.2,8521.4,1649519.235
5633.9,12712.6,8408.1,3669.1,7245.8,2962.1,906.3,7971.9,14355.9,13335,1642220.545
6214.1,12862.8,8111.3,2900.4,7543.5,2657.8,907.4,7429.7,9033,8940.3,1344174.001
7659.6,14900.7,10075.3,4224.2,8935.2,3473.9,1097.1,8241.1,5223.8,4332.8,1553978.958
7056.6,14134.6,9818,4041.5,8633,3460.7,1189.1,9207.4,17412.4,13385,1835098.137
7495.5,13198.5,8255.9,4002,7388.7,2710.9,1015.1,7519.3,11497.4,11631.2,1664017.267
6990.1,11172.9,8000.4,2757.8,5234.3,2007.6,684.9,6122.4,18337.5,18710.1,1448051.691
8119.8,12956.6,11159.8,3726.4,8556.4,3617.1,1312.4,7939.4,6687.5,4798.8,1475190.349
6702.5,14969.7,10188.4,3826.2,8629.7,3506,996.3,9159.5,35310.5,20551.3,1878042.711
5556.7,11084.1,6177.9,2530.4,6725.9,2160.4,700.2,6748.8,15330.5,13833.3,1350661.915
9440.6,16781.2,11207.4,4925.9,9346.7,3814.3,1336.1,10163.8,6763,6741.6,1872080.02
5828,13029.6,8376.1,3231,7753,2875.4,857.6,7630.6,8573.1,6408.9,1500595.768
5616.9,12240.8,7200.5,3059.6,7200.7,2601.3,676,7831.3,13728.9,16148.4,1635953.97
7893.2,14020.9,9151.3,4215.1,8206.8,2936.7,775,8366.4,11489.9,13126.2,1662029.753
6876.2,13314.9,8937,3847.4,7743.4,3456.4,866.6,7877.3,23885.5,17239.7,1766669.093
6340.5,14153.3,8203.9,3375.3,6814.1,2595,941.4,7860.4,7147.6,6450.4,1316009.358
6808.8,15440.7,9551.4,3687.8,9061.9,3807.7,1139.2,9068.5,6056,10578,1779525.375
6330.7,14528.6,9403.2,3621.1,8372.8,3369.4,1093.7,8228.8,5451.9,5005.3,1234384.103
7648.7,14302.7,10203.8,4180.3,9941.9,3472.1,1124.2,9348.6,6741.7,5627.7,1597160.861
5452.7,11718.3,7485.1,2738.6,8236.3,2890.6,954.9,7109.5,3300.9,3092.3,1148140.939
6625.6,11484.2,8189,3135.3,7264.2,2575.1,905.9,6512.2,12906.3,13316.5,1409361.626
7944.7,16141.4,11762.7,4381.2,8487.9,2891.5,1369.5,9272.1,6993.3,7761.7,1537734.732
6474.3,11954.7,9244.4,3247,6840.9,2852,819.7,7060,18563,23765.4,1593763.625
5642.1,11253.2,7220.5,2698.9,6535.3,2501.8,734.2,7306,14114.3,14527.3,1492872.369
7615.9,11042.3,9100,3285,7834.3,2878.1,824,7332.3,11778.9,10714.6,1383862.579
6722.1,12441.7,8332.3,3293.1,6763.3,2438.8,925,6938.2,5573,5039.1,1302145.308
6896,14768,9686,3740.4,7503.4,3071.7,1057.1,8349.2,11972.5,9310.6,1645153.223
5588.7,10783.8,7709.6,3077.4,7153.5,2642.7,901,6521.1,8412.5,5914.1,1139175.826
7313.4,15833.5,10972,4789.1,8626.9,3378.5,1281.9,9092.3,7260.3,7791,1685764.718
6646,12400.3,8790,3718.7,7017.9,2824.8,1013.8,7229.4,10579.3,13214.5,1522744.645
6155.5,12774.7,7872.6,3501.3,6906.3,2479.7,931.8,6996.1,11036.9,8034.3,1341594.779
6061.6,12292.4,10097,3391.9,8034.8,3227.7,966.6,7644.8,14047.3,15560.1,1618433.498
5911.2,15559.2,8546.6,3673.2,6969.9,2735.1,1225.4,8684.6,5920.2,4300.2,1423970.8
6503.3,12850.1,9396.8,3421.7,6299.5,2585.3,1080.4,8133.6,9775,10685.3,1443310.883
5833.1,11126.1,6890,3262.1,6252.5,2230.4,707.1,6611,8188.8,7398.8,1296754.006
7605.1,15292.2,11163.8,4239.8,8697.2,3506.4,1299,9024.5,14765.6,8444.7,1765592
6587.6,11893,7585.8,3625.5,6615.6,2366.4,726.5,6575.3,27900.9,21354.3,1640191.382
5976.3,11304.8,8148.8,3748.7,6619.7,2356.9,674.8,7447.2,23872.9,19859,1520340.574
6688.8,15042.7,9548.5,4209.5,8211,2928.6,1156.2,9010.1,7365.3,7170.9,1326813.076
6206.3,13702.3,7891,3229.4,8195,2668.2,799.8,7097.4,6193.4,5811.5,1418223.653
6107.4,14007.3,7701.9,3715.2,7798.7,2607.2,1081.9,9407.2,7320.1,6858.6,1517093.784
5962.4,10389.6,8367.5,3036.5,6596.6,2734.6,853.7,6382.8,4391.3,4343.6,1001227.775
6748,13935.3,8732.4,3457.3,8004.4,2868.1,1021.6,7691.1,8037.3,7374.9,1437759.718
7059,11094.1,8683,3254.1,7706.7,2786.2,977.8,6998.8,8521,9247.6,1323123.973
6320.4,14176.5,9031.6,3789.4,8432.4,3211.6,1007.2,8665.2,11801.7,8303.9,1609407.775
7417.5,15684.8,11575.7,4314.9,9705.7,3822.9,1147.8,8758.2,13936.6,11813.9,1832029.322
5854.2,13685.8,8065.4,3256.5,7530.4,3088.3,1057.1,8363.4,5860.7,6354,1399822.154
7332.8,13811.3,9390.4,4124.3,7398.8,2494,974.3,8302.3,16073.4,15999.5,1776558.154
7540,13657.8,9780.8,4108.9,7796.4,2817,813.4,7612.5,13326.6,9598,1643788.166
6003.1,11702.8,7374.3,3220.5,6077.1,2130.8,588.3,6305.3,22924.6,19121.7,1617441.795
6593.1,11879.3,9033.9,3435,7118.7,2992.6,1109.1,7085.9,4790.5,3541.7,1292438.002
7098.9,15131.5,10080.1,3431.9,7631.9,2667.5,846,8634,18654.9,19301.3,1936769.516
6263,11342.5,6960.4,2369.2,7138.2,2385,854,6853.7,13008.4,11946.7,1466717.464
6870.2,11206,7339.7,3260.2,5958.5,2141.7,703.7,7017.5,43141.3,32430.3,1714625.407
7207.9,10754.1,6890.5,2786.7,6321.4,2469,712.5,6058.9,23128.6,20464.6,1401920.784
6879.9,14010.5,9931.7,3677.9,8370.3,2944.9,1213.1,8566.2,6885.3,5283.9,1402664.545
6745.3,13224.9,9450.9,4180.4,7849.8,2964.2,1069.3,8261.8,5682.2,5642.9,1402100.365
7315.9,11210.2,7495.6,3371,7195.2,3087.1,902.3,6017.3,11172.8,8485,1399520.534
6164.6,14412,8760.1,3876.2,8541.8,3183.7,1080.2,8595.7,8415.7,6120.2,1381265.768
8959.5,15663.6,10479.3,4266.2,9055.8,3748.9,1389.3,10622.3,21399.6,17806.1,1827423.123
7360.9,12179.7,8267.3,3065.5,7534.4,2554.6,1308.4,7872.1,14753.7,14872.8,1532373.93
6736.7,17539.8,10071.8,4317.7,8529.2,3241.1,1329.2,9218.8,15548.6,10284.3,1867862.536
8042.6,16590.3,12589,4309.4,9285.4,4002.5,1257.1,9410.7,3647.4,5040.3,1685696.379
7679.1,15608.9,7963.6,3967.7,7959.1,2909.9,933,8742.5,24795.1,16673.6,1726761.256
6039.9,11686.1,8483.5,3133.4,7107,2847.3,851.1,7378.4,3459.2,2704.4,1099211.16
6731.9,13735.4,10197.4,4200,8354.7,3293.9,1060,9118.5,12204.9,8648.4,1560799.856
6625.2,13973.1,9236.5,3412.5,8160.5,3664.7,1264.1,7805.3,6608.5,7032.3,1578084.742
4987.3,12237.3,8398.2,3527.6,6532.5,2503.6,817.4,6786.3,4064.3,3937.6,1315130.752
6135.1,12398.5,8285.4,3384.1,7659.4,2907.8,993.6,7390.4,27833.6,17247.8,1724394.198
6774.3,13986.1,9527,3941.7,7586.5,3383.9,791.4,8880.4,49421.4,35348.9,1941133.421
6465.6,15801.2,8295.9,3855.5,9667.8,3627.5,1102.2,9433.3,7676.6,4905.8,1547160.582
6178.3,12732.2,7488.1,3055.6,7770.4,1843.8,936.6,6716.1,15389.2,11839.2,1612143.693
6570.9,13693.4,9413.5,3318.5,7860.9,2901.4,1188.8,7667.7,6727.2,5579.5,1260357.511
6161.7,12935.1,8461.1,3125.6,6906.4,2861.2,1151,8206.8,4373.9,3587.3,1315103.553
5466.6,14316.4,8594,3574.1,8008.5,3063.9,913.9,8727.9,3629.8,3378.4,1356373.082
5814.6,12594,8950.8,3591.6,7179.7,3015.2,703.9,7478.4,43902,41725.6,1693594.446
6450.7,14036.9,8867.5,2799.2,8038.4,3010.4,1009,7642.6,6751.8,5240.5,1407491.929
6531.1,13493.5,9940.5,3745.3,7717.6,3250.3,1159.8,8835.7,4702.8,4746.3,1321252.332
7852.6,14937.2,10472.5,3712.5,8045.2,3258.9,1262.4,8662.1,8318.5,9098.1,1697655.593
7451.2,12655.3,8699.1,3525,7477.7,3036.7,1116.1,7111,10253.2,10634.5,1528968.586
7092.6,13637.5,9624.4,3479.7,7714.1,3187.2,832.3,8689.8,12099.2,17384.5,1555239.28
6973.3,12668.3,8768.8,3799.9,8861.5,3002.1,919.5,8417,18556.7,12359.8,1770552.008
6683.2,11948.3,7975.2,2894.9,7149.4,2613.6,811.9,6642.1,10722.3,10650.9,1313771.419
6716.6,10687.9,7735.3,3229.7,6231.1,2427.5,746.6,7025.1,16843.3,16128.3,1355912.68
7695.8,16568.3,10424.8,3764.4,8601.7,3321.2,1517.3,9417.2,4935.5,4770,1550291.692
7585.9,14351.6,11187.3,4169.1,8573.5,3581.3,1217.4,8412.1,9588.6,11788.7,1750712.264
6272.9,13508.5,9365.1,3941.5,7857.1,3497.4,898.8,7651.4,8712.4,6718.9,1597252.651
6427.5,12966,8277.2,3667.5,7717.2,2782.1,928.8,7669.4,10960.2,8057.2,1453912.334
6293.6,12777.5,8055.9,3616.3,6996.6,2353.4,713.3,7595.2,17817.8,13345.7,1551454.27
6552,13100.2,8612.9,3139.6,7414.7,2612.1,946.8,7587.8,9024.1,9088,1474736.259
5632.2,10470.8,7397.3,2880.6,6722.9,2030.4,507.8,6111.3,11480.2,11079.5,1299154.35
7539.9,14550.2,9552.9,4064.1,7870.7,3251.2,947,8495.8,15091.9,8422.8,1641210.858
6390.6,13635.8,7684.6,3800.8,7045.6,2653.6,785.2,7317.6,22131.6,19262.2,1726210.045
6745.3,13117.5,9113.7,3528.9,7677.5,3095.2,1132.8,7970.3,4770.5,4122.2,1427589.068
6414.7,15143.7,9591.9,3738.4,7416.7,3031.6,1043,8418,11051.6,5436.8,1700447.702
7184.5,14438.8,9753.3,3902.3,8602.4,3306.6,1113.8,8439.3,30794.5,19549.3,2007532.85
7717.3,13752.4,9601.9,3572.8,7903.5,3084.9,938.7,7500.3,7358.6,6603.9,1535157.947
6615.1,12876.1,8129.2,3641.9,7075.1,2190.4,933.9,7541.5,20092.1,25359.2,1709530.118
6515.8,14310.5,8910.4,4134.1,8443.8,3674.9,1100.1,9985.4,13940.9,12252.8,1704507.333
6386.9,11998.2,8269.6,3389.3,7414.4,2730.3,1325.6,7161.9,6370.8,6517.3,1423751.089
7924.7,14630.5,9124.2,4084.8,7858.9,3050.7,895,9042.9,10825.9,10968.7,1717014.592
7305,12996,8262.4,4191.4,7977.8,3080.8,895.5,7647,14450.9,8111.3,1476626.877
5150.8,11683.7,6863.3,2666.8,6617.6,2120.7,698.1,6917.4,10086.1,9085.1,1405846.66
6813.1,13789.7,8040.3,3652.2,8255.7,2930.7,914.5,8094.6,8296.2,11041.4,1570265.354
7779.4,14166.8,10446.7,4186.7,7940.6,3357.3,1272.7,8614.5,11987.4,10078.9,1560457.814
6912.1,14541.5,9264.4,3703.4,7427.5,3110.2,1201.9,8323.1,6247.9,5790.4,1518845.304
6523.6,12553,7875.8,3373.4,7683.7,2711.9,942.4,8269.5,14804.6,7416.6,1537424.129
7506.5,9854,7906.9,2934.8,5736.6,2390.6,581.2,5342.9,17265.9,15794.6,1475061.056
7321.4,14244.5,9647.6,3652.8,9125.4,3928.5,1056.1,8698,7921.9,6795.6,1630592.67
6906.2,13640.8,8616.5,3703.3,8193.2,3175.4,789.5,8281.7,8746.5,7518.7,1505482.866
9006.6,16157.8,11234.4,4766.8,8958.5,3528,1491.1,9500.8,16915.5,21332.4,1961345.29
8256.9,13617.8,10065.3,3824.3,7571.2,3555.6,994.1,8429.6,17787.1,16518.4,1684196.759
5615.6,14431.2,7493.1,2939.3,8642.8,2812.5,754.2,7343,11708.2,11958.8,1472015.459
7310.4,15224.8,9127.6,3803,9457.3,3248.9,1195.1,8044.2,10233.1,11714.1,1388051.806
6859.3,11389.8,8736.8,3825,6918.2,2850.1,1077.7,7151.6,13785.2,9557.3,1327545.58
6568.4,14481.4,8836.6,3782.2,8064.2,3257.7,885.5,8421.4,7491.6,8181.7,1595541.436
6856.2,15764.6,10275.1,4510.6,9732.7,3914.6,1144.2,9532.6,16623.8,10643.8,1917929.831
8091.4,16802.6,10483.3,4543.2,9826,3715.9,1133.9,10038.9,10725,15271.8,1618845.53
6191.7,14072.1,9202.4,3751.1,7932,3422.5,1037.3,7623.3,9823.1,6416.9,1443172.079
6611.3,16097.3,9606.5,3905.4,7758.4,3315.5,1182.4,8328.4,5465.2,5976.3,1601157.714
7136.1,12365.8,9733.9,3675.1,7808.2,3047.7,890.6,7762.3,35736,23655.7,1781661.244
6168.9,12130.1,10321.4,3719.5,7505.6,2836.6,1216.2,7833.2,4288.6,4349.3,1269010.827
6818.3,14877.5,10546.1,4545.9,9292.1,3472.6,1215,9780.6,6544.2,5446.1,1521579.486
8883.9,15792,9889.5,3889.7,8572.9,3257,1357.9,9680.2,11808.7,11423.9,1812243.597
7098.2,14791.2,9394.5,3774.3,8109.3,3094.8,1202.9,8240.4,8640.6,7653.4,1414999.537
5733.2,13654.1,7517.9,3762.3,7739.4,2273.1,897.5,7363.9,8302.9,7108.2,1400657.802
7374.8,15729.5,9877.4,4145.3,8281.5,4003.2,1306.3,9534.9,6475.4,5065.5,1612874.015
6636.1,13387.8,8274.3,3380.6,7783.1,2955.4,814.9,7636.5,9369.6,11434.8,1477311.267
5851.1,14676.7,10127.7,3775.6,8507.3,3200,923.9,8984.8,7856.8,6879.7,1560996.803
5781.2,11706.3,7833.5,2853.9,8533.3,2896.9,938.2,6851.2,4543.3,3043.9,1340001.203
8137.2,16040.1,10703.4,4082.6,8888.2,3638.7,1162,8855.9,8210,8514.4,1561390.399
8620.1,13550.5,10600.8,4221.6,7365.1,2697.2,738.9,7610.5,21460.2,20936.3,1660751.654
7361,14283.7,9458.7,3323.5,7196,3041.7,1239.7,7764.1,3537.7,2735.4,1275492.553
7870.7,14606,9815.9,4019.7,7724.8,2883.5,1174.4,8030.6,8637.2,8042.9,1529375.821
6679.7,13990.9,9918.2,3855.9,8615.8,3645.3,980.2,8548.3,7311,9167.7,1604193.584
6107.9,15455.1,10456,4062,9883.5,3456,1300,8424.8,5848.7,4587.9,1742498.034
6635,14908.6,9110.6,3845.6,8484.9,3553.6,1056.7,8784.2,8748.5,8781.7,1515184.866
7207.4,12302.8,8874.8,3582.8,6509.9,2990.7,752.4,6983.6,39602.7,28702.3,1825334.802
6723.1,12590.2,9496.4,3836.5,6264.5,2710.4,937.4,8541.2,6692,4591.7,1060824.232
5615.5,13953.5,8528,3428.1,7749.4,2818.2,1132.2,7658.7,4694.9,3922,1076075.893
6864,12540.1,9664.4,3733.7,8006.5,3365.3,1118.7,7351.5,5099.8,4332.2,1480654.476
6747.6,12080.6,7167.1,3354.5,5834.9,2285.8,789.5,7432,22582,23495.4,1593400.614
7735.5,17768.2,9870.3,3995.6,9381.3,3428.7,1298.8,9616.8,5201.6,5794.5,1800842.416
6884.6,12842.4,8774,3165.4,6537,2327.3,850.4,7044.4,12907.4,9220.3,1498981.203
7448.4,12807.2,8478.6,3145.3,6400.7,2455.5,806,6763.1,17195.4,15467.6,1538845.216
5834.5,11921.5,6327.4,3287,6014.6,2468.2,742.8,7005.7,24836,12648.9,1667711.935
5811.9,13186.7,9172.5,3543.9,7527.8,2764.2,1130,7221.7,9956.2,6030.8,1350573.508
6146,13992.8,7833.2,3304,7373.8,2508.7,890.2,7173.1,3236.3,3472.3,1060634.274
6681.1,16290.1,9296.1,3848.7,8199.1,2725.9,884.6,8074.9,8565.7,10934.1,1614860.204
6360.7,13130.7,7474,3259.7,6678.2,2475.3,618,7378.3,13834.7,14089.1,1485109.424
6595.9,12958.3,9824.9,3875.1,7959.8,2761.1,1016.9,8081.7,6845.9,7037.1,1365221.583
5705.1,11659.1,5274.8,2466.7,5868.7,2992,605.1,6066.3,20504.8,16315.5,1372451.461
8402.7,16411.8,10923.6,4432.1,9155.4,3813.8,1112.7,9478.8,5233.8,4772.9,1633787.192
6974.8,12469.7,8064.5,2954.2,7418.6,2655.7,844.5,6561,22414.3,19417.2,1700921.678
6202.9,13336.6,9163.4,3416.1,7823.3,2679.7,914.6,7344.9,9433.9,8357.7,1211882.693
6779.4,12543.9,9491.2,3300.6,8315.3,3338.1,982.8,8272,21340.2,18849.8,1859478.819
7231.7,13984.5,9765.8,3876.7,8666.3,3364.2,1349.6,7310.5,4764.2,3881.3,1403779.558
7040.6,11193.6,7470.3,2824.7,5373.4,1991.6,575.6,7121,18393.9,13596.6,1530105.122
8262.7,12706.8,9044.4,4089.3,8049.1,3010.1,832.9,7640.8,14744,12806.1,1607562.89
5520.2,12802.8,8707.4,2911,6968.7,2911.7,838.4,6878.5,6799.7,4103.3,1344248.082
7989.5,14966.4,9255.7,3274.9,7313.9,3315.9,1016.6,8785.1,14993.6,13264.3,1724984.489
6574.6,10535.7,7198.5,3013.8,6701.9,2380.5,647.6,6915.5,21894,18245.2,1551992.804
7103,11995.5,8975.3,3419.5,6560.5,2527.7,777.6,7281.6,22351.4,16288.7,1624090.029
7848.2,11972.3,7744.6,3403.7,6485.6,2340.7,783.9,7606.9,18904.3,13627.1,1596849.196
7390.4,13511.3,9749.3,3447.6,7094.9,3298.4,883.7,7552.5,11454.4,8001.7,1411519.458
6615.1,13089.5,8057.5,3307.1,7882.8,2715.5,830.7,7946.7,23199.2,27349.8,1727934.891
6001,12960.2,9631.4,3320.4,8517.7,3242,1030.6,7249.5,5444.4,5621.3,1460312.274
7920.6,14736.6,9793.3,4075.6,8991.7,3379.9,1114.5,8404.5,10663.7,15043.8,1531569.544
6387.7,13064.7,8067.1,3478.9,7857.1,3281.4,1074.2,7377.1,14918.3,10073.5,1521306.673
5834,13449.6,8784.3,3531.8,7944.1,3146.5,1045.7,8056,6338.8,5518.3,1167630.689
7124.7,14586.3,9582.3,3273.4,8340,3646.9,1204.2,8643.9,7626.1,5174.6,1610160.051
8384.1,13926.4,10029,3760.3,7450.7,2782.5,1008.2,7973.9,10737.4,9269,1530459.785
7972.4,15214.9,7960.1,4063.6,7899.2,3444.5,1135.7,7847.4,23977.7,17488,1771841.655
6362.7,14280,11171.2,4121.4,9134.2,4021.2,950.2,8983.3,11242.1,5213.2,1546132.561
6202.8,12476.5,8502.5,3051.7,7561.8,2587.6,869.7,7393.2,6501.6,6745.8,1158501.837
6308.7,13452.7,8142.8,3319.4,7337,2952.1,997.8,7419.9,10391.3,9498.6,1509526.563
5680,12127.8,9363,3568.4,7608.4,3028.4,817.5,8318.5,8540.7,7971,1378623.672
8121.2,13152.8,8861.7,3545.6,6797.1,2791,963.2,7788.1,17362.8,16677.2,1585852.036
5010.2,13245.1,9056.9,3231.4,6813.9,2651,912.8,7425.8,6054,3913.9,1231156.422
7222.6,15092.9,10217,4195.3,8492.1,3292.9,1274.5,9534.1,4185.9,2750,1604290.594
7312.7,15033,9716.2,4040.2,8947.8,3624.7,1357.5,9568,7802.6,7012.1,1562091.876
7105.5,15570.4,10061.4,3884.4,8096.1,2986.8,1086.6,8908.1,5173.1,4852.8,1496839.743
6763.6,15983.1,9582.4,4061.6,8112.4,3395.5,1010.9,8266.2,8607,6088.8,1586827.557
8911.8,13911.3,8343.1,3796,8216.5,3117.3,948.9,8866.7,16641.1,16131.8,1793011.488
7285,14763.6,8334.2,3667.1,8279.7,2924.5,1130.1,8475.8,9272.8,8443.3,1638377.45
8701.4,15517.3,10839.9,4345.6,8777.9,3007.4,1436.9,9253.7,8303.9,6535,1646616.111
5757.4,13987.3,9054.7,3619.3,6929.1,2819,878.7,7726.6,16257.8,14411.2,1430085.771
7765.4,14322.9,10402.5,3907.8,7654.5,3152.1,1263,8573.9,9211.3,12332.2,1559866.189
8293.1,15076,11951.4,3965.1,9331.1,4177.4,1302,9165,9454.8,8120.7,1393897.806
6601,12444.2,10957.5,3675.9,7620,2845.1,903.9,7668.2,8677,10971.2,1156164.028
8410.1,16774.2,11549.6,4018.5,8611.3,3838.8,1349.7,9434.3,4559.2,4695,1436185.58
6801.8,12083.8,7801.5,3264,8235.2,2629.5,684.8,7514.9,35399.5,28720.1,1934712.523
7001.6,12406.3,8265.2,3323.1,6898.4,2104.9,374.7,7363.3,29205.6,19824.8,1713343.665
7004.3,14739.2,9439,3826,8031.8,2964.9,910.3,7187.2,14331.4,11068.7,1595656.255
5330,12114.6,7667.5,3316.8,7534.5,2414,786.9,7611.1,15198.5,13199.3,1519733.605
6400.8,10267.6,7873.6,3026.3,7302.6,2856.4,926.8,6938.4,12532.7,12144.2,1407351.202
5064,12415.6,8665.5,3177.9,7207.9,2364.6,831.2,7114.7,5423.5,4262.7,1229678.985
6101.9,13915,10006.8,3421,8433.9,3346.3,1098.2,7655.9,9097.4,5855.5,1600861.894
6811.1,14003.4,9224.4,3635.5,8032.7,2763.5,1058.8,8317.2,4597.1,3802,1087198.683
6592.8,13438.4,9206.4,3786.8,7956.9,3054.1,1098.5,7969.4,8664.2,8431.4,1443352.313
6407.9,14896.6,8728.7,3666.7,8527.9,3248,938,8134.8,10080.8,13072.5,1598773.409
8305.3,13823.3,9100.7,3929.6,7994.8,3000.9,948,7851.6,13761.8,11023.5,1554308.556
6822.1,14660.6,8494.8,3555.2,8666.7,3122.8,1146.2,8622,11769.8,10359.3,1702086.853
7734.2,14776.1,9258.1,3712.5,8768,2889.6,857.6,8136.8,29039.7,24518,1727359.559
6992.5,12824,7187.4,3153.4,6176.9,2297.7,695.5,7407.1,19452.2,27917.1,1625277.871
6159,12223.6,8449,2916.9,6156,2245.9,919.7,7850.6,16336.8,14784.9,1517200.688
9050.7,15717.3,9586.3,4195,7454,3331.9,839.7,8401.4,44308.1,33670.9,2000461.2
6501.2,13576.5,9829.4,3686.7,7411.9,2917.2,941.4,7966.5,13014.1,8485.9,1498180.168
7113.9,13350,8572.4,3410.8,7347.6,2565.4,1002.6,7711.3,7872.2,9663.1,1474033.511
8168.3,12033.3,8648.2,3631.4,7629.9,2741.9,928.8,7772.4,9840.6,10814.8,1447626.848
6436.4,12902.7,8125.4,3047.1,7023.5,2465.9,813.5,6838.4,14786.9,16901.2,1565662.735
6662.1,11986.7,9988.2,3919.3,7034.5,2926.5,1051.5,6912,10568.8,9727.2,1156370.111
7793.5,13291.3,8226,3685.1,7219,2657.8,914.3,7379.4,16167.2,17406.2,1672211.499
7301.5,14437.6,9815.3,3906.5,8840.6,3376.2,1092.9,9113.6,7641.6,6090.5,1528687.683
8136.5,17332.1,10920.3,4288.5,7741.7,3020.9,1151.1,9560.8,3789.3,4722.7,1640953.934
7579.1,12320.3,7899.9,3777.5,6712.1,2794.4,844.6,6526.3,21996.3,20735.7,1457752.44
7582.2,12804.9,8654.3,3587.6,6120.7,2287.5,672.3,7763.5,16952.4,17595.2,1645985.88
7903.9,13697.7,9414,4270.7,8209.1,2900.8,1097.8,8119.9,12679.1,10509.4,1555663.889
7850.2,18927.5,11397.4,4380,9554.4,3531.3,1077.3,10686.3,6026.5,4795.9,1825300.143
6819,14213.1,9185.2,3832.8,8644.6,3173.2,942.6,8816.3,11528,10593.9,1663799.567
5566.9,13264.7,7410.3,3154.7,9726.5,3846,1115.3,9013.7,5883.5,5428.5,1633747.666
5320,12759.8,7825.7,3285.5,6773.3,2518.8,1049.8,6927.5,4243.3,3210.1,1166104.464
7288.3,13606.3,8378,3492.3,7077,2863.4,949.5,7648.2,26025.8,29393.1,1544219.368
6178,12958.5,6688.8,3303.3,6622.6,2254.6,760.1,7755.5,18567.6,24083.4,1664211.636
8287.5,10964.4,8952.9,3238.8,6621.3,2336.5,801.6,6714.3,16007.8,12599.8,1478056.046
5411.1,11210.2,7962.8,3047.2,7163.1,2572.2,1038.5,6354,4509.8,4558,1048574.789
6558.1,11617,6955.1,3699,6938.9,2250.7,587.7,7301.7,20303.1,17913.6,1646617.936
6097.8,11941,8445.3,3537.4,7097.4,2616.4,1052.1,7129.8,4013.1,3865.8,973888.259
5056.4,11814.8,6672.1,2692.6,6741,2342.4,767.3,6047,6523.4,4203.1,889378.8805
6587.2,12905.7,9334.4,3639.7,8498.9,3310.3,874.5,6959,14307.1,12436.6,1475944.854
6791.4,12014.4,7721,3612,7348.7,3145.4,1115.2,6468.4,6112.2,5990.5,1219702.337
7490.2,12426.7,7977.7,3247,7400.4,2977.1,961.1,7238.2,27774.3,31116.4,1637916.345
7095,12190.1,8224.1,3372.3,6615,2455.4,658,6305.1,10357.3,10316.2,1317894.753
7632.3,14290.8,9228.2,3976.9,9018.1,3115.7,1082,8471.9,5038.6,4913,1403646.564
7361.6,13335,7537.7,3819.8,7365.8,2699.5,827,8081.5,17814.3,13975.8,1642893.809
9718.1,12471.4,9087.5,3862.4,6824.1,2242.2,786.7,7174.5,41625.4,35747.5,1598211.148
7081.8,12531.4,7583.9,3329.5,7043,2720.8,1005.2,6713.6,13724.1,9717.4,1432612.071
7230.9,14184.1,10220.2,3676.7,8364.4,3342,849.5,8380.5,11603,9199.7,1510979.922
6219.8,13640.1,9559.7,3667.2,7802.5,3172.5,935.2,8113.4,7275.4,6641.1,1437619.576
6904.1,13358.8,8524.3,3467.6,7971.4,2620.8,883.1,7736.7,19778.7,16389.8,1577223.444
10094.2,13831,11460.5,4338.4,7783.9,3334.4,824.6,7849.3,31702.5,30964.6,1879355.649
6115.2,13698,7509.7,3616.7,7631.8,2881.7,851.2,9031.5,14479.7,12262.6,1572862.89
6181.8,12401.1,8696.7,3513,6585.8,2654.5,776.3,7340.6,11064.5,10859.9,1331410.934
7481.6,14043.5,10125.9,3815.5,7945.2,2846.1,894.5,8061.9,22369.2,23856.4,1580759.303
5717.5,13950.6,9208.2,4127.4,7599.9,2949.3,1069.5,7716.6,4226.7,2897.6,1219972.041
10528,11162.6,13009.2,3121.9,6651.6,2729.2,816.1,6854.4,14156.1,15096.3,1425505.204
6731.6,14346.2,9785,3813.2,8796.3,3346.8,888.6,8436.3,24345.2,17244.2,1831533.664
6630.8,13964.7,7866.5,3580.5,8103,3232.8,942.2,7525.1,12378.6,8059.7,1462351.207
7823.7,14570.3,9567,3987.9,8559,3200.3,1210.8,8582.5,6070.3,4952.6,1549693.054
8261.1,15371,11147.5,4277.9,8884.1,3525.4,1275.1,8350.7,9922.5,13315.2,1629782.825
7241,12639.6,7750.6,3379.3,6680.7,2960.6,888.5,7593.5,28218.4,30512.4,1659325.553
6249.6,14908.7,8080.5,3421.4,8106.1,3012.1,806.3,7752.6,8979,7746.6,1517935.481
6684.6,13715.3,9523.8,3722,7979.9,2804.8,1125.3,8419.9,6529.7,6380.7,1546888.477
5789.4,16464.8,10816.5,4138.8,8978,3324,1048.1,8885.5,4118.9,4008,1593324.179
8745.8,14246.9,9407.7,3780.9,7256.6,2637.4,931.4,7772.8,29819.4,27695.9,1828956.629
7445.9,13119.5,8720.8,3997.3,6729.1,2341,834.7,7685.9,21037.1,22761.9,1757199.334
6243.4,13129.4,8764.4,3267.8,8309.9,3260.7,980.5,7589.3,4501.5,3905.3,1479610.954
7939.4,12820.6,9617.9,4328.2,7827.3,2914.1,738.1,6999.6,13245.6,13366,1668244.296
7354.1,14167.9,9718.3,4095.7,8469.9,3563.2,1055.6,9452.1,17819.2,16619.9,1788848.599
7943.9,15691.6,11254,4075.3,9686.1,3239.3,1282.8,9295.9,6516.6,4905.5,1444536.937
5873.7,13297.8,8188.9,3693.2,9087.7,3282.4,835.2,8148.7,9729.5,7472.3,1633586.311
6096.9,12199.4,8493.5,3267.3,7890.4,3063.9,918.5,6911.9,9149.1,8470.1,1539518.601
6088.7,13515,8931.1,3990.9,6934.5,2688.8,719.5,7112.4,7600.8,6979.5,1331097.738
7620,16163.7,10791.7,4372.8,9278.4,3639.2,1115.3,9295.1,8480.2,9388.2,1471790.085
6673.9,12469.1,8157.9,3312.5,6605.5,2393.4,834.9,7114.7,19509.6,17958.6,1675825.99
6189.7,13377.4,9624.3,3359.4,7307.2,2918.2,842.3,8861.1,40317.8,32924.8,1619493.662
8992.1,11471.4,9679.4,3401.8,6668.2,2518.4,652.6,6822.2,18969.3,16665,1392578.027
6786.2,13935.7,9512.4,4061.1,8223.2,2950,960.1,9483.2,18760.2,16981.9,1759245.362
7646.5,15796.5,10460.2,4140.1,9122.2,3420.9,1240.2,9566.9,5538.2,5289.5,1705348.137
6920.4,13993,7974.8,3246.5,7339.7,2783.8,721.2,6811.1,21251.5,15520.3,1493877.876
7030.5,12782.2,8835.6,3258.3,6790.4,2529.8,801.4,6176,20349.4,19909,1599170.796
6676.7,13542.5,9467,3493.6,7737.7,3476.6,789.1,7778.8,11012.2,7951.3,1512503.973
6247.8,10991.7,6695.5,3025.7,5773.3,2011.7,705,6799.9,10492.6,10978.5,1380471.4
7545.9,16279.8,10023.1,4105.5,9253,3356.3,1159.8,8894.5,26416.4,25265.5,1819481.779
6057.2,13232.8,9364.6,3607.3,8376.5,3462.9,938.7,7740.2,6484.8,7485.3,1364600.053
8053.1,14861.1,8752.5,3936.2,8677.6,3668.3,1104.7,7994,14480.9,12500.6,1808184.479
6883.1,13653.1,10342.9,4153.1,7828.5,3029.5,1009.6,7236.6,8136.9,12400.1,1136416.413
6101.4,13529.9,10439.5,3721.6,7425.8,3110.9,967.6,7567.4,11583.2,11322.7,1573141.031
6869.1,16230.3,11800.6,3933.1,7902.9,3454.9,1032.5,8967,10380.6,16459,1712843.712
6579.1,10290.1,8443.5,3404.3,6700.6,2193.9,780.7,6798.2,13985,12884.1,1513918.753
5672.3,13046,9012.2,3212.1,7663.9,2944.4,938.8,8197.6,3856,3664.4,1428687.367
5959.5,12650.8,8271,3183.8,6347.8,2574.1,832.5,6606.2,28317.7,20687.3,1628123.046
6114.4,12282.3,9717.4,3483.9,8075.9,3095.7,866.7,7874.4,12955.5,15692.3,1609597.998
6829.5,12760.8,7501.5,3643.4,8173,3341.4,1102.2,8116.6,8495.9,6713,1338865.377
6422,13811.9,8747.5,3377,7499.2,3075.4,869.5,7906,7740.6,6703,1518274.509
7412.5,17317.5,10860.5,4005.7,9147.5,3617.1,1159.7,9956.8,7118.9,6249.8,1643309.468
7387,16104,8554.1,3931.4,6753.2,2951.7,915.8,8936.7,31409.9,31008.8,1918426.741
7925.9,14932.4,11372.7,4264.8,8055.9,3637,1236.5,9242.3,11472.9,14484.9,1662985.854
8476.9,16603.5,8983.7,4319.9,8921.2,3655.1,1146,9053.8,30389.3,29451.8,1899510.32
7274.5,14041.2,9833.7,4068.1,7372.3,3236.9,1037.9,8263.2,5503.1,3633.1,1386723.182
6832.8,12889.1,8158.3,3036.2,8160.4,3067.4,1214.3,7941.5,6076,5863.3,1402545.847
7758.3,15081.8,9290,3367.5,8322.9,2746.2,1142.5,9129.4,18573.3,17996.2,1687966.688
5490.4,11725.1,8194.1,3250.3,6920.9,2770.5,1020.3,6732.1,5827.2,5587.8,1280736.262
6969.3,14534.4,9530.4,3629,8026,3593.2,1185.4,7743.2,5759,4873.7,1272324.707
6296.7,12872.7,9084.8,3232.2,8205,3140.5,949.4,7659.3,9780.7,6827.7,1581956.098
5744.8,12284.9,9041.3,3467.8,7228.8,2805.6,688.5,7331.9,8609,7507.6,1263984.889
6029.5,12500.7,9052.4,3442.3,6051.5,2314.4,837.2,7462.5,16076,18933.7,1528703.842
7248.2,13139.2,8664.2,3970.2,7539.9,2701,982.6,8495,5954.6,5217.2,1424776.158
5466.9,10727.9,7057.8,2807.6,7145.6,2686.8,561.7,7268.3,18080.2,16873.4,1540548.59
7512.4,11008.7,5637.8,3200.8,6716.1,2377.3,540.4,5999.7,35224,28052.5,1560283.199
6703.4,14899,9183.6,3277.4,7678.4,3483.1,1301.7,8269.2,16242.1,15479.9,1747771.858
6499.9,14966.4,9733,3838.1,8046.4,2934.8,899.4,8446.7,4719.6,4288.8,1582171.441
7716.5,11900.7,9198.2,3174.4,7030.1,2548.4,744.1,7518,9372.5,8323.9,1418589.171
6905.2,12586.4,9428.6,3468.4,8265.2,3378,884.9,7957.9,14922.8,13828.8,1475442.742
7311.1,13075,9122.4,3643.7,7942.1,2653.5,1104.5,8027.3,16076,14100.6,1627329.101
6807.7,13927.7,10992.6,4112.3,8697,3380.5,1369.6,8313.6,7047.7,7142.1,1623422.086
7037.1,13643.2,10911.6,4028.3,9031.9,3921.4,1323.8,8457.4,6925.2,7740,1642864.08
7449.7,14353.3,8726.9,3326.1,8605.7,2815.3,1011.2,8622.3,24465.2,23771.1,1888755.464
8617.5,17634.2,10584.2,3882.1,9144.5,3378.7,1213.3,9404.3,15991.1,9623.9,1772196.167
7674.1,13339.2,8879.1,3851,8318.4,3461.9,1008.4,9033.3,10730,12771,1708400.274
8168.8,17696,9400,4736.3,9299.3,3814.6,942.2,11008.6,4957.7,4712.3,1659282.927
6112.4,12530.9,9035.7,3341.4,8531.4,2800.2,847.5,7477.1,7885.2,6834.9,1389104.259
6736.9,14365.9,8036,3661.3,7461.8,2818.2,924.5,8066.6,14968.3,18148.1,1628176.414
8451,15827.5,10058.7,4102.5,8858.3,4060.1,1357.8,8676.4,6155.1,5706.9,1792621.07
7998,12726.6,10091.7,4078.2,8413.6,2975.7,1037.6,9058.2,20718.9,14851.4,1607819.903
6672.9,14218.3,8462.5,3545.3,7384,2877.9,1008.7,7708.6,10184,10164.4,1657209.727
6595,13817.2,9960.3,4038.1,7910.7,3640.7,949.2,8679.3,14686.5,14762,1774269.391
6584.3,12317.1,9258.3,3652.1,8511.8,2878,1111.2,7606.2,2968.8,2127.2,1307524.609
6441.2,11747.9,8257.2,3004,6967.9,2753.5,889.1,7040.4,11483.1,8985.2,1397431.707
5940.3,12113.5,7981.3,3328.6,5726,2350.5,687.9,7557,13713.3,12265.9,1552545.578
6590.9,12487.6,8802.7,3255.8,8924.1,3312.1,1125.9,7565.5,8239.2,10350.3,1569379.862
6920.5,13189.6,9335.3,3555.5,9093.9,3603.6,1087.2,8706.7,6755.4,5555.8,1471711.618
6844.1,13371.6,8995.5,3533.7,7111.4,2723.1,1187.3,7352.2,9510.2,6671.8,1395754.306
7616.1,12479.9,8854.4,3177.6,6740.6,3151.4,1047.1,7905,14087,12401.8,1531944.561
6986.8,12587,9339.6,4106.3,6781.4,3107.7,816.2,7333,21408.8,21466.2,1657443.356
5832.3,10519.6,7144.3,2487.3,6489.5,2409,915.3,6379.1,5041.2,4673.8,1186876.183
7384.4,11062.8,8803,3865.8,8611.8,3378.6,974.4,7705.6,34078,26122.4,1886141.48
6580.3,14106.6,8310.3,3648.1,8178.5,2804.9,873.3,7436,7521.1,5127.6,1501244.775
6926.7,13034.1,8307.3,3173.3,7599.4,2774.6,1058.6,7103.9,9114.3,6977.8,1468212.583
5357.4,11067,6156.1,2698.5,6409.2,2211.7,590.7,6432.7,14251,12227.4,1430452.547
7607.7,13977.8,10848.2,4171.3,9467.9,3627.4,1088.4,9587.8,7145.5,6854.5,1506174.282
7090.8,15497,9579.4,4302.1,8568.7,3363.6,1209.4,9307.1,9102,8369.3,1657325.357
5678.2,11996.1,7912.2,3350.4,7391.5,2865,668.5,7155.1,7319.5,6089.8,1353009.826
7395,15301.8,10837.3,4030,8394.6,3441.1,1177.3,8739.1,4981.9,5556.3,1461883.539
7231.9,15375.8,10583.9,3686.9,8075.1,3029.8,1097.4,8077.1,13693.7,12549.5,1596292.497
6492.7,14339.3,7881.7,3479.2,8168.9,3290.6,771.8,8471.3,15761.8,15874.5,1663294.077
6285.4,13403,8138,3021,7543.7,2937.1,1016,7380.2,7734.3,6343.7,1449780.697
6923.3,12855.6,8100.7,3362.8,8095.9,3005.3,972.6,7305.1,5204.9,4058.3,1327897.568
6981.2,13582.2,6923.8,3433.9,6684.6,2075.3,866,7542.4,9681.1,9981.4,1454364.172
6562.2,14083.4,8586.7,3792.6,7297.3,2519.8,873.6,8963.7,11923.2,12133.4,1574836.986
8173.4,14793.8,11599.6,4277.7,7457.2,3179.5,1253.2,9001.2,15663.1,12483.3,1591896.413
6916.3,14778.5,9853.9,3519.2,8103.6,3336.5,1377.6,8654.2,3948.6,6405,1216088.725
7165.6,15803.9,9176.4,3460.2,8140.8,2940.9,964.8,8789.3,13141.3,10668.8,1496341.812
6451.4,13056.1,7730.2,4192.5,6898.1,2798.2,799.3,7585.5,24253,23304.3,1702482.99
7487.5,15906.1,11026.4,4138.3,9265.4,3406.5,1190.5,8170.2,7922.6,5733.9,1784737.35
5831.8,13212.6,7443.2,2816,9046.9,3051.4,1027.2,7969.6,4983.8,4547.2,1404504.772
6232.1,12466.4,9740.9,3327.2,6445.9,2736.3,949.8,7236.5,5124.2,3835.8,1212041.875
6001,12532.6,8053.6,3073.6,6820.1,2440.3,908.8,7220.3,3754.8,2827.6,988365.4096
7426.1,12754.8,9145.9,4027.6,7917.5,2813.4,1140.3,7801.2,5070.8,4972,1462505.243
8025,14389.7,10202,3873.9,7644.4,2971.9,824,8189.5,20778,18227.5,1864180.405
6850.1,15395.3,9812,4226.8,9351.4,3461.8,1052.8,9523.1,9472.1,11719.9,1644549.101
5090.6,9295.3,6283.7,2549.1,5825,1970,538.1,5348.1,11534.3,10905.5,1237682.837
6982.6,16045,10342,4180.3,8480.4,3093.4,1323.9,8568.3,8231.9,6238,1708652.849
7170.1,15032.8,10884.7,4079.5,8246.9,3064.9,956.8,8732.8,12371.1,15541.1,1637229.602
6506.9,12591.9,7651.1,3170.5,7230.9,3144.2,820.7,8094.3,9898.6,10238.2,1446051.387
6436.7,11284.5,6951,3072.1,6873.4,2422.6,666.7,7061.3,10265.1,7848.2,1353712.675
5897,13020,10011.8,3596.5,8177.5,3025.9,855.2,8111.4,11164.2,10659.5,1518925.066
7286.2,13757.9,7993.1,3571.1,6934,2700.1,971.8,9180.4,19138.3,16703.1,1791581.441
6777.6,16080.2,9822,3529.9,8157.3,3151,1371.5,9545.5,4339.4,4103.1,1475743.595
6459,10404.9,8080.2,3350.3,6056.7,2614.2,769.9,6753.4,16279.2,16509.2,1464854.615
7120.7,16352.4,9734.1,4102.3,8113,3316,946.5,9626.8,7765,5725.6,1698560.619
4792.3,12363.4,8305.7,3167,7469.2,3045.5,897.5,7570.5,5981.1,5122.4,1301098.001
7391.5,16311.2,9846.8,4603.3,9000.7,3289.3,1311.5,8867,6836,7550.6,1593231.752
7327.3,11970.4,8827.7,3458,7570.5,2636.3,835.5,7799.5,9966.6,9015.9,1485812.914
6472.6,12577.4,9335.5,3847.9,6860.2,2829.9,920.1,7689.3,16997.7,14166.2,1586566.582
6342.1,12836.7,7361.1,2981.2,7339.2,2759.1,665.8,7380.6,31358.2,24885,1668552.597
8316.2,15003.8,9928.4,4569.3,8269.7,3002.5,989.7,9705,21021.3,23301,2003603.318
6770.5,13418.2,8716.3,3580.9,8045.5,2830.8,908.2,7781.8,6190.2,5823.1,1466236.212
6205.5,13183,9407.3,4080.3,7461.3,2703.4,767,7314.4,7353,8165.6,1325722.394
6981.9,14470.6,10425.1,4020.1,9283.4,3455.3,917,9625.8,6769.7,7260.7,1647984.043
8102,11543.1,8976.7,4128.5,7508.3,3356.9,941.3,8256.9,19120.2,14737.9,1594066.312
8086.1,13977,8239.6,3231.2,6463.9,2321.6,806.9,6844.2,38738.9,27609.5,1799304.56
7116.8,14394.9,10818.9,4053.4,8169,3397.6,1262.5,9115.9,5750.8,5220.9,1457344.5
6639,13725.7,8983.2,3433.8,8645.4,3395.7,1047.6,8902.1,4638,4958.9,1496394.975
6803.7,12370.5,8094.1,3565.7,7344.3,2987.8,839.7,7158.7,11318.4,11470.7,1491116.938
6329.5,13222.2,9465.8,3472.4,8026.3,2858.4,1043.1,8032.1,5556.2,6131.4,1367483.788
5917.9,12806.3,8457.2,3204.9,7866.9,3579.9,1058,7197.6,16872.6,13355.6,1766136.013
6850.9,13187.7,7842.5,3725.6,7634.9,2864.4,1295.3,7826.8,7076.9,6826.4,1452624.997
6352,13226.5,9395.7,3703.9,7527.9,2620.2,868.9,8336.3,15003.8,13528.4,1417395.071
6979.2,15530.9,9669.4,4406.6,8677.1,3550.4,1076.8,8989.5,14346.9,12263.7,1793149.207
5369.8,11129.9,6428.3,2803.2,6121.6,2160.9,735.5,6764.2,30126.2,29182.8,1589603.138
5751.4,10910.4,8065.8,3313.2,6397.2,2550.4,787.3,6767.4,27449.5,15553.8,1452259.67
6304.5,11335.4,9111.5,3628.6,6392.2,2538,734.6,7292.4,13564.1,10820.4,1472983.63
7046.4,11769.4,7948.8,3650.3,7622.1,3073.1,890.4,7597.4,13311.3,12010.6,1599681.586
6250.2,15687.9,8670.1,3681.1,7986.6,2920.5,868,8688.5,7197.6,4261.2,1472462.7
9686.2,11843.5,9737.2,3226.5,6914,2194.5,857.7,6648.9,20944.1,20424.6,1442882.957
6315.9,13557.6,9385.7,3904.9,7453.2,2966.3,934.8,8185.1,12290.5,10390.3,1451504.169
5529,12197.5,6332.4,3911.3,5878.3,1698.2,466.9,6213.1,14737.7,14370.2,1350193.221
6669.2,12880.8,9137.4,3487.7,6989.9,2955.8,1045.4,7206.1,3895,3415.9,1304437.172
6854.2,12224,8816.7,3781.6,7210.3,2876,917.1,7071.3,13039.3,13130.7,1543386.613
9006.1,19050.9,10778.8,4597.4,8855.2,3848.7,1578.3,10578.6,8242.3,9390.6,1714618.571
6761,14826.5,8763.4,3960.6,7896.7,3549.1,1351.4,9075.7,11434.2,10250.9,1608143.304
5984.6,10320.1,8012.9,3416.3,5877,1848.8,744.7,6981.4,17464.1,17326.2,1463089.489
6396.5,12430.1,8150.7,2895.2,7195.2,2722.8,848.3,7789.1,18514.6,19205,1645186.513
6030.7,12498.8,6634.3,2972.3,6073.5,2174.5,649.8,6156.2,29536.6,27941.6,1521633.748
7838.9,14891.1,10229.9,4385.8,9432.5,3664.8,1391.3,8634,5324.9,6282,1639914.535
7223.8,14507.4,8574.4,3716.2,7950,2770.6,975.5,8026.4,15646.3,9485.4,1374625.771
9606.5,13065.5,8615.5,2939.6,6629.5,2613.4,722.7,6578.9,43168.7,28819,1652895.911
7349,13604,9712.9,3793.1,7768.2,2988.7,1102,8200.1,7527.2,8096.5,1494845.903
6538.2,12047.2,7977,3225.5,6110.2,2756.4,963,7109.3,14246.6,16264.3,1176754.381
7355.1,14295.3,9352.6,3785.6,8245.2,3178.3,1162.7,8253.8,14031.3,12431.5,1553729.562
7419.7,12603.7,9392,3023.4,7127.9,2627.5,895.2,6850.9,11235.2,13054.7,1398264.982
6958.9,11918.8,9253.9,3739.1,7539.3,2849,969,7304.1,21193.3,22970.5,1559293.462
7309.2,14368.4,9767.8,3715.9,7906.8,3599.5,1090.8,7664.6,11210.2,10807.4,1562400.277
6340.5,11381,8177.6,3428.3,7111.3,2648.2,738.8,7683.3,17039.9,16947.8,1579288.021
7204.2,12821.5,7578.6,3436.8,6466.5,1763.1,690.2,7469.4,19506.1,17239.2,1603697.849
8535,16295.4,10038.7,4095.2,7680.6,3172.1,1034.2,9859.6,17054.5,20391.7,1766437.836
6339.6,12885,7675.6,3223.8,7331.8,2831.3,852.8,6949,6487.8,6277.8,1357455.826
6161.5,11969.5,8874.5,2893.9,6442,2720.3,1087.9,6703.1,9667.1,7869.5,1271133.55
6271.1,13577.3,9022,3493.8,8070.8,3098,1006.4,7585,6149.2,6249.8,1369401.009
5891.5,12349.1,7414.6,3385.1,7615.3,2843.6,875.5,8277.3,10765.8,9802,1502501.372
7049.7,11534.3,7786.2,3121.6,7335.7,2966,787.4,7211.6,20894.3,18740.2,1512891.139
6051,10983.4,7927.1,3184.4,6642.6,2304.6,690,6519,9001.1,9494.1,1465438.768
6760.4,15069.7,9922.4,3908.5,8803.9,3235.2,1184.1,8864.3,5795.2,4975.8,1429461.809
7643.9,16187,10727.8,4188.5,8674,3760,1263.9,10478.1,6169.1,6441,1712202.856
7733.9,13224,8876.5,3626.7,7963.7,2821,1093.4,7862,7734,4655.4,1483226.787
7570.2,16700.5,10820.3,4080.6,8715.6,3705.2,1194.2,9528.5,10971.4,8037.7,1758997.111
5244.5,11937.7,8157.6,2935.4,7378.3,2701.3,1007,7198.6,4737.7,4007.2,1198327.052
6259.2,11970.1,8768,3252.2,5999.8,2518.9,748.8,6177.2,26503.6,25321.4,1560027.01
6988.5,12855.8,7759.2,3700.8,6660.6,2811.3,638.9,7598.5,14630.6,15841.9,1558785.831
7411.7,12698.2,9154.8,3635.9,7638.2,3495,1081.5,7943.1,5344.1,4293,1496206.867
6587.8,12760.3,8646.2,3304.2,8122.8,2816.1,805.8,7907,7124.5,8148,1472367.579
6668.1,14466,9214.2,3477.2,8124.6,2932.6,945.1,8685.1,7144.9,8337.4,1643247.172
7061.3,13626.7,7776.6,3503.9,6559.2,3275.3,805.4,8121.5,27568.2,27015.9,1761375.893
6872.9,15633.1,9786,3710.3,8469.2,3506.1,1041.1,8905.8,5617,6056.9,1579865.299
7938.4,14132.6,9749.8,4518.8,8136.3,2951.4,1138.9,7930,19170.5,14360.5,1720264.21
6187.2,12796.2,8226.1,3117.7,7396.7,2873.8,836.4,6813.8,4804.6,3857.3,1345648.311
5667.6,10568.1,5907.8,3193.5,6051.8,1710.6,506.5,6388.1,25817.5,21902.6,1346846.185
8212.5,11817.9,7676.9,3231.8,7678.3,2882.3,684.4,7399.6,21687.9,22041,1635654.977
5262.5,11008.4,7537,3352.5,6130.9,1932.8,808.8,6449,9260.2,8469.1,1287481.74
9131.4,13858.6,10889.2,3572.1,7971.4,2950.7,1255.7,8520.3,11924.2,10180.1,1677404.736
8257.1,16542.8,10719,4228.4,8882.8,3869.1,1307.9,10403.1,6892.1,6054.9,1699761.455
7878.1,13444.2,9778.8,3523.8,8488.7,3202.1,934.3,7268.7,6421,6261.8,1338171.392
8262,15453.3,11507.9,4430.4,8552.6,3526.6,1316.2,8250.7,9472.5,10634.2,1685472.622
6414.8,12503.3,9059.3,4076.2,7688.8,2586.8,1142.9,8144.8,9359.2,7283,1122515.449
6526.3,14827.6,8703.2,3671.4,8268.4,2944,1167.8,7718.2,4603.4,4622,1153778.123
7742.8,15934.7,9099.2,4426.4,8417.5,3885.5,977.3,9235.1,23922.2,30485.3,1896556.105
8802.9,14470.3,10271.5,3784.2,8945.9,3661.8,1457.1,8397,3760.1,3518.7,1310017.64
8513.2,12896.6,13478,4580.8,7994.7,3196.8,892.4,7023.9,24909.9,16031.6,1791163.964
7661.6,12634.2,9849.9,3885.1,8763.7,3278,944.9,9278.9,20014,21945.3,1743238.011
7346.9,13592.8,10630.9,3864.6,7831.8,2432.3,1217.8,7882.6,11247.9,11598,1522552.551
8628.6,15820.1,11482.1,4365.3,9493.7,3725,1473.6,10009.2,10713.7,9009.4,1731721.159
7113,13756.2,7688.5,3423.8,7545.3,2806.6,1076,8188.9,20233.3,16159.7,1688306.742
5733.1,11819.9,7691.7,2846.1,7961.7,2995.1,755.3,7109.8,13426.4,14309.4,1559672.951
7116.6,10928.9,7692.9,3923.7,6991.2,2058.3,803,6715,18815.4,14420.2,1575904.003
7455.8,15672,11485.9,4412.8,8384.3,3262.7,1250.1,9043.9,5362.1,4471.9,1679874.102
7372.5,13303.8,8738.6,3448.6,6825.4,2537.2,1011.6,7464.6,18635,21432.1,1507535.657
5630.2,12448.5,6803,2643.3,7071,2342.8,902.7,6804.6,13612.8,11813.7,1495417.962
6360.8,12594.4,8129.7,2903.9,7651.5,2742.4,917.8,7477,10162,11164.2,1437582.395
8199.7,14930.3,9298.3,3928.7,7382.5,3081,1338.4,7170.3,7932.3,7459.2,1507437.897
4796.6,10231.4,5604.9,2193.3,6858,2410.7,662.6,5524.9,13547.9,15485.5,1336238.285
6510.4,11850.3,8734.1,3252.9,7370.1,2688.8,784.7,7187.1,11947.4,9135.4,1441877.348
6463.2,14971.2,9511.8,4249.5,7480.1,2528.8,1148.9,8508.5,11558.5,8973.6,1632636.467
6581.1,12965.6,8244.7,3688.7,6692.4,2712.6,986.8,6920.9,8879.9,9466.5,1366442.463
6998.5,12420.1,7261.6,2770.1,7776.6,2499.3,893.4,6731.4,11858.1,8182.7,1397445.689
8070,15918.6,9651.9,3715,7498.4,2985.7,1130.4,8381.1,17852.8,15752.1,1603261.717
8269.4,11881.1,8110.4,3664.5,7996.2,2978.9,867.2,7356.5,13117.1,11958.1,1532438.019
6994,12499.2,5904,3087,6767.3,2316.6,599.6,8062.1,19257.2,20603.2,1669423.27
5370.4,11602,6739.9,3048.3,7646.3,2161.3,658.2,6928.4,7691.9,6606,1285184.532
6434.7,12997.6,8351.8,3423.8,8105.8,2595.1,1075.1,7433.7,4074.7,4984.5,1385630.038
5422.1,12847.3,8676.2,3347.5,7333.7,2792,1020.7,7287,6236.2,6802.5,1399225.154
8495.2,12107.9,11310.4,3288.4,7304.2,2982.9,848.8,7547,22035.1,13185.9,1607216.17
7658,11351,8854.2,3276.7,6812.9,2758.6,916.5,7338.3,10120.5,8639.7,1441419.248
7506.7,13706.1,10388.8,4135.9,8659.9,3115.8,1188.9,8484.3,10336.5,5309.5,1492934.969
7889.1,16843.5,10221,4014.8,9606.4,3357.8,1542.6,8975.5,7746.1,5480.8,1631633.315
5702.7,13482.8,8622.5,3091.1,7150.9,3148.2,1092.8,7301.7,2763.5,3058.4,1071950.527
7231.7,11231.7,7807,3296.7,6236.4,2075.1,716.9,6992.5,21165.3,17663.8,1443067.833
5897.7,11608.9,6903.3,3285.9,7446.3,2313.5,591.2,7099.2,15391.7,12227.4,1534693.434
7316.3,11362.9,9760.3,4368.4,7865,3131.2,859.8,7697.9,15343.6,12011.3,1543297.994
7217.3,13781.5,8199.4,3733.8,7680.8,3134,781.3,7588.3,14811.5,14760.6,1731064.452
8021.1,12820.3,9092.4,3913.9,8224.4,2764.9,938.9,7640.1,8613.5,7122.4,1365335.645
7445.4,14022.7,9233.7,3874.2,8506.9,3221.9,1205.2,8846.2,8492.8,11092.8,1610204.633
8200.3,14328.6,9899.9,3768.9,8366.5,3118.6,967.6,7760.9,14054.6,14304.2,1679814.355
6593.5,14009.8,7929.6,3350.2,7996.3,2960.2,949.7,7567.9,5937.9,5914.5,1391267.733
7739.6,12440.7,8460.1,2991.4,7585.1,3043.8,1255.7,7255,4327,5641.7,1442801.554
6919.1,13206,7591.9,3441.6,8199.1,3149.8,1117.6,8398.9,7774.4,8752,1542171.47
5710.7,12177.6,8438.2,3384.1,7297.6,2898.9,921.5,7254.6,8421.3,7623.9,1404133.928
6790.5,12160.8,7177.5,3251.4,6558.9,2322.8,722.7,7034.9,25611.6,20700.5,1543162.316
6961.7,14497.6,10507.5,3850.4,8721.1,3352.7,1330.6,8276.2,9273,8787.4,1709405.121
6978.7,16231.6,9799,3950.5,9016.3,3139.8,1021.2,9215.6,11637.1,12027,1783920.444
7308.8,15521.6,10250.2,3868.6,7627.3,3041,1162.8,8999.8,5227.8,5310.2,1533905.184
7052.7,11441.6,8198,2985.3,5739.9,2530.6,797.5,6823.9,18606.9,15746.9,1504863.864
7037.8,12826.5,8843.7,3276.6,7313.9,2948.9,931.6,7857.3,20415.6,22532.3,1891981.728
7239.8,15083.5,11010.9,3755.3,8124.1,3482.9,1413.8,7885.8,6802.3,3351.4,1439993.907
15299.3,16074.6,14425.9,4708,7390.7,2754,1236,8019.6,44335.5,24114.8,1976817.739
7310.9,13544.7,8197,3645.8,8859.5,3523.9,937.3,8789.3,7298.1,5826.5,1652120.719
8961.5,14944.3,9453.2,4592,6485.8,2366.3,818.6,7084.3,27972.3,30138.9,1853803.353
6754.7,13375.2,7618.2,3603.5,8478,3464,1079.1,8652.7,12050.6,10641.2,1738743.721
7804.3,14143.6,9336.8,3644.1,8178.2,3162.3,920.4,9244.4,26223.6,13301.7,1699492.944
8249.4,16413,10495.9,3821.3,9693.9,3608.6,1319.9,9948.2,4011.8,2958.1,1591427.155
7355.7,14356.8,8293.8,3304.2,7976.1,3191.8,997.7,8590.2,18514.3,17979.5,1685932.371
5768,10431.6,9305.5,3614.3,7152.3,2426.7,765.1,6690,11529.4,7939.3,1221071.755
7501.4,18408.9,10323,4489.5,8857.1,3216.2,852,8765.2,8101,5906.5,1868723.317
6900.6,13017.1,9245.9,3616.7,8119.2,3096.4,966,7656.4,6337.5,4851.6,1352633.205
6625.7,13322.8,9105.9,3858.8,7637,3629.4,808.3,7677,7214.8,8808.3,1377514.226
6465,12803,8339.6,3646.6,8132.1,2853.6,906.5,7885.1,9836.8,8035.6,1350853.28
5038,14789.1,8460.9,3633.4,6565.7,2684.5,1044,8595.5,7061.3,6165.4,1139541.947
7761.8,15096.6,8572.1,3692,8692.6,2935.9,1301.6,8653.4,5685.2,8218.5,1549262.885
7381.2,13103.9,8417.1,3523.3,5293.5,2226.8,922.9,7269.8,17517.9,17906.1,1572187.554
5942.6,11986.6,6937.8,2595.6,7105.2,2674.4,675.9,7271.6,10860.7,13975.1,1440735.439
6219.4,12370,8600.5,3606.9,8939.4,2879.4,949.3,7074.4,4699.6,6088.8,1365942.546
6575.1,12805.4,8904.9,3648.8,8829,2989.8,745.8,8215.8,21659.2,15360.6,1683383.267
6511,11630.6,8444.1,2922.3,7476,2448.6,847.4,7384,10320.3,9539.9,1338611.819
5453.2,11561.6,7788,3303.9,7531.1,2986.7,815,6855.3,8635.3,10827.3,1372580.107
6855.5,12375.9,7986.4,3412.6,7477.8,2977.4,1054.3,6779.1,7896.1,7231.2,1474540.918
6974.7,13647.9,9383.4,3374.5,7160.1,2889.8,1065.4,7760.6,5479.1,4578.7,1373859.117
5999.1,14071.3,8301.4,3077.2,7401.5,3028.5,825,7572.4,8791.9,8687.4,1370568.224
6727.7,14203,10112.3,3291.7,9082.2,3700,881.9,8228.4,9338.8,8300.9,1598248.192
5620.8,11335.5,8524.1,3468.7,7305.4,2693.6,897.9,6573.1,7076.4,6442.8,1085285.469
6014.5,12309.2,8733.7,3963.8,8056.8,2780.1,608,7450,7745.1,5974.7,1393887.581
6622.2,13947.8,8816.2,3434.9,8398.2,3030.4,873.5,8161.5,7540.6,5079.6,1530814.039
6631.8,13285,9554.9,3796,7907.6,3233.8,1125.4,8165.4,10699.7,9641.5,1563599.644
6168.5,12946.4,8379,3183.5,7219.2,2824.4,776.1,7908,11678.6,11023.8,1422035.561
7297.8,15583.9,10719.3,4146.8,8379.8,3216.7,1284.7,8538.2,7863.1,6722.3,1579339.456
6783.1,16364.2,9352.7,3680.8,8598.5,3676.3,1294.1,8879.3,3886.8,3621.2,1567412.65
6776.2,12496,7824.3,3838.9,7390.6,2733.7,916.9,6988.5,25247.4,22635.7,1569912.817
6293.6,13100.9,8530.7,4132,8034.2,2528.6,1110.1,7422.4,6657.3,6389.7,1432858.897
7659.4,12970.4,9744.1,3758.3,7357.9,2704.8,1013.2,8495,11441.6,9131.2,1489171.687
6532.2,13496,9263.7,3868.3,7994.6,3015.2,932.1,7846.5,5317.8,5458.9,1385868.226
7870.4,14251.8,8414.8,3909.2,7778.3,3017,866.7,8295,10931.3,11826.9,1634382.778
6077.7,12583.1,9383.2,3536,7329.4,3219.1,1005.2,7466,11901.9,10896.7,1408580.151
8680.9,15204.1,10520.6,4198.2,8174.2,3159.9,1063.9,8321.7,18367.9,18173.6,1683076.048
7516.5,14411,9329.9,3774,8452.1,3442.6,1261.5,8677.5,4556.6,4684.8,1198779.322
7870.1,14001.3,10174.8,4011.2,7389.1,2862.4,966.4,8122.8,9747.4,7769.7,1507284.956
7826.5,14184,10230.4,3881.8,8113.9,3360.7,1096.9,9104.6,3924.9,3517.6,1391049.946
6690.4,13772.8,8957.8,3870.4,8200.4,3458.4,1108.4,8045.8,5214,3908.1,1520658.461
8612.6,14860.3,11903,4877.9,8908.1,3385.1,1279.4,9504,9527.8,11123.7,1675427.731
8452.3,11382.8,8158.8,2806.5,6748.8,2503.5,696.6,6513.3,25381.8,24197,1564575.983
5962.2,11248.3,7251.9,3201.8,7599.7,2934.2,778.8,7062.5,15696.7,15946.5,1541670.416
6655.6,13273.2,9097.6,3627.4,7518.2,2878.3,885,8003.9,6607.9,6552.9,1403796.199
7575.1,12549.2,6050.4,3169.1,7562.6,2987.5,768.4,6528.4,28664.9,24596.8,1661798.546
6433.8,13016,8446.5,3448.7,9262.8,2904.6,930.2,9114.1,12801.6,9344.8,1392471.471
7281.5,14375,11365.6,4057.9,8537.9,3623.6,1455.4,9310.6,7195.7,6995.3,1591257.162
5720.9,12323.2,9149.2,3366.7,7666.3,3085.3,1120.4,7480.8,9825.5,6377.2,1475789.04
7963.2,14861.4,8133,3465,8040.8,3004.1,780.5,7710.3,15760.1,16206.3,1677691.803
6671.7,13283.7,7918.2,3610.2,7395.8,2653.5,1103.2,8107.7,6489.7,7859.3,1409154.055
6434.4,11238.1,8502.8,3011.1,6531.8,2636.7,761.8,6998.8,15553.6,14284.1,1531684.671
6500.8,12231.6,8429.3,3018.2,6790.1,2392.8,913.5,6647.2,7008,5893.5,1231190.741
5733.6,11153,8272.4,3636.8,6893.8,2257.7,786.6,7229.9,18763.5,16201,1342280.633
6045.2,13319.4,8893.9,3433.7,7962,3207.5,1186.4,8159.7,30950.1,23625.2,1851768.27
6250.9,13580.2,9839.4,3561.2,8045.2,3170,913.9,7897.9,9607.5,8019.1,1529540.436
5900.7,11511.9,7630.3,3311.8,6476,2267.9,735,7297.1,21145.1,14752.8,1594360.092
6963,13576.6,9224.7,3618.9,7676.5,3669.5,920.9,7591.9,26775.1,22374.8,1778762.601
6652.4,11698.7,8834.5,3592.9,8118.4,2731.4,1096.1,6826.5,4962.5,4932.3,1232889.985
8197.6,16094.1,10584.2,4218.7,8693.1,3747.7,1240.8,9190.1,16804.7,14039.9,1909440.805
7048.4,11323.6,7299.1,3366.2,7487.5,2643,855,7861.6,13249.8,13037.6,1331061.743
9319.2,15199.8,10345.8,3770.1,8612,3388.3,1061.2,8865.2,28566.6,20651.4,1897536.076
5893.7,15103.2,8986.5,3494,6997,2644.5,1047.2,8332.1,12780.3,10672.8,1677442.443
7269.8,13043.1,8323.3,3237.5,8594.3,2926.6,905.5,8633.8,13022.3,10866.6,1537428.613
5814.9,11747.2,7222.4,3084,7784.1,2893.9,956.7,6849.6,27008.1,26160.4,1741066.333
6347.7,12229.1,7047.7,3233.7,7111.5,2491,689.9,7403.1,21514.7,14454.6,1570899.475
6525.2,13393.8,8183.6,2911.4,8330.4,3194.4,964.8,7569.9,5742.1,5262,1378961.497
5836.9,12114.4,7639.8,2990.1,7873.7,3444.2,1100.8,7144.3,4827.2,5137,1381574.638
6973.8,15192.2,9679.1,3680.2,8242.9,3104.2,984.2,8791.6,11802.1,8500.1,1604878.103
7661.4,12403.1,8624.8,3795.3,7120.8,2548.7,1019.7,8000.3,11602.3,8264.6,1367543.638
5578,13972.5,6590.1,3383.1,7792.2,2576.5,811.6,7147.8,5745,9322.4,1371515.93
8402.3,14163.7,9567.7,3929,6813.5,2825.1,797.9,8230.4,31500.7,36055.7,1867651.2
6810.3,14083.8,7424.1,3081.3,7349.2,2528.8,837,7362.1,21440,13669.1,1551998.405
